"Number of samples = 1","BIP Version: 4.0.0.0"
"Study_ID","Customer_SampleID","GHRequestID","GHSampleID","Patient_ID","Visit_name","Alt-NoAlt","Sample_status","Sample_comment","Variant_type","Indel_type","Gene","Chromosome","Position","Exon","Mut_aa","Mut_nt","Mut_cdna","Transcript","Percentage","Splice_effect","Somatic_status","Molecular_consequence","Fusion_chrom_b","Fusion_gene_b","Fusion_position_a","Fusion_position_b","Direction_a","Direction_b","Downstream_gene","Copy_number","CNV_type","COSMIC","dbSNP","ClinVar","ClinVarID","Functional_impact","Mutant_allele_status","Mol_count","Max_percentage","Alleletype","HRD_score","Tumor_methylation_status","Tumor_methylation_score","TMB_score","TMB_category","MSI_High","cfDNA_ng","Plasma_ml_input","Plasma_ml_remaining","Received_date","Bloodcoll_date","Reported_date","Cancertype","Practice_name","Physician_name"
"SQA-EAPSIRIUS","eapcusttube05-211","A0535685","B00151175","eappatient0122","timepoint1","1","SUCCESS","","AlleleType","","HLA-A","","","","","","","","","","germline","","","","","","","","","","","","","","","","","","14","HLA-A*03:01:01:03;HLA-A*24:02:01:01","","","","11.52","Low","Not Detected","800.9","5","","","01/01/2021","","Urothelial carcinoma","Not Applicable","EE17B7 36BEF9"
"SQA-EAPSIRIUS","eapcusttube05-211","A0535685","B00151175","eappatient0122","timepoint1","1","SUCCESS","","AlleleType","","HLA-B","","","","","","","","","","germline","","","","","","","","","","","","","","","","","","14","HLA-B*27:05:02:09;HLA-B*48:01:01:01","","","","11.52","Low","Not Detected","800.9","5","","","01/01/2021","","Urothelial carcinoma","Not Applicable","EE17B7 36BEF9"
"SQA-EAPSIRIUS","eapcusttube05-211","A0535685","B00151175","eappatient0122","timepoint1","1","SUCCESS","","AlleleType","","HLA-C","","","","","","","","","","germline","","","","","","","","","","","","","","","","","","14","HLA-C*02:02:02;HLA-C*08:01:01:01","","","","11.52","Low","Not Detected","800.9","5","","","01/01/2021","","Urothelial carcinoma","Not Applicable","EE17B7 36BEF9"
"SQA-EAPSIRIUS","eapcusttube05-211","A0535685","B00151175","eappatient0122","timepoint1","1","SUCCESS","","AlleleType","","HLA-DPA1","","","","","","","","","","germline","","","","","","","","","","","","","","","","","","14","HLA-DPA1*01:03:01:15;HLA-DPA1*02:01:01:17","","","","11.52","Low","Not Detected","800.9","5","","","01/01/2021","","Urothelial carcinoma","Not Applicable","EE17B7 36BEF9"
"SQA-EAPSIRIUS","eapcusttube05-211","A0535685","B00151175","eappatient0122","timepoint1","1","SUCCESS","","AlleleType","","HLA-DPB1","","","","","","","","","","germline","","","","","","","","","","","","","","","","","","14","HLA-DPB1*04:02:01;HLA-DPB1*13:01:01","","","","11.52","Low","Not Detected","800.9","5","","","01/01/2021","","Urothelial carcinoma","Not Applicable","EE17B7 36BEF9"
"SQA-EAPSIRIUS","eapcusttube05-211","A0535685","B00151175","eappatient0122","timepoint1","1","SUCCESS","","AlleleType","","HLA-DQA1","","","","","","","","","","germline","","","","","","","","","","","","","","","","","","14","HLA-DQA1*03:01:01:01;HLA-DQA1*05:03:01:01","","","","11.52","Low","Not Detected","800.9","5","","","01/01/2021","","Urothelial carcinoma","Not Applicable","EE17B7 36BEF9"
"SQA-EAPSIRIUS","eapcusttube05-211","A0535685","B00151175","eappatient0122","timepoint1","1","SUCCESS","","AlleleType","","HLA-DQB1","","","","","","","","","","germline","","","","","","","","","","","","","","","","","","14","HLA-DQB1*03:01:01;HLA-DQB1*03:02:01","","","","11.52","Low","Not Detected","800.9","5","","","01/01/2021","","Urothelial carcinoma","Not Applicable","EE17B7 36BEF9"
"SQA-EAPSIRIUS","eapcusttube05-211","A0535685","B00151175","eappatient0122","timepoint1","1","SUCCESS","","AlleleType","","HLA-DRB1","","","","","","","","","","germline","","","","","","","","","","","","","","","","","","14","HLA-DRB1*04:03:01:01;HLA-DRB1*14:06:01","","","","11.52","Low","Not Detected","800.9","5","","","01/01/2021","","Urothelial carcinoma","Not Applicable","EE17B7 36BEF9"
"SQA-EAPSIRIUS","eapcusttube05-211","A0535685","B00151175","eappatient0122","timepoint1","1","SUCCESS","","AlleleType","","HLA-DRB3","","","","","","","","","","germline","","","","","","","","","","","","","","","","","","14","HLA-DRB3*01:01:02:01;HLA-DRB3*02:02:01:02","","","","11.52","Low","Not Detected","800.9","5","","","01/01/2021","","Urothelial carcinoma","Not Applicable","EE17B7 36BEF9"
"SQA-EAPSIRIUS","eapcusttube05-211","A0535685","B00151175","eappatient0122","timepoint1","1","SUCCESS","","AlleleType","","HLA-DRB4","","","","","","","","","","germline","","","","","","","","","","","","","","","","","","14","HLA-DRB4*01:03:01;HLA-DRB4*01:03:01:03","","","","11.52","Low","Not Detected","800.9","5","","","01/01/2021","","Urothelial carcinoma","Not Applicable","EE17B7 36BEF9"
"SQA-EAPSIRIUS","eapcusttube05-211","A0535685","B00151175","eappatient0122","timepoint1","1","SUCCESS","","AlleleType","","HLA-DRB5","","","","","","","","","","germline","","","","","","","","","","","","","","","","","","14","","","","","11.52","Low","Not Detected","800.9","5","","","01/01/2021","","Urothelial carcinoma","Not Applicable","EE17B7 36BEF9"
"SQA-EAPSIRIUS","eapcusttube05-211","A0535685","B00151175","eappatient0122","timepoint1","1","SUCCESS","","AlleleType","","HLA-E","","","","","","","","","","germline","","","","","","","","","","","","","","","","","","14","HLA-E*01:03:02:01","","","","11.52","Low","Not Detected","800.9","5","","","01/01/2021","","Urothelial carcinoma","Not Applicable","EE17B7 36BEF9"
"SQA-EAPSIRIUS","eapcusttube05-211","A0535685","B00151175","eappatient0122","timepoint1","1","SUCCESS","","AlleleType","","HLA-F","","","","","","","","","","germline","","","","","","","","","","","","","","","","","","14","HLA-F*01:01:01:09;HLA-F*01:03:01","","","","11.52","Low","Not Detected","800.9","5","","","01/01/2021","","Urothelial carcinoma","Not Applicable","EE17B7 36BEF9"
"SQA-EAPSIRIUS","eapcusttube05-211","A0535685","B00151175","eappatient0122","timepoint1","1","SUCCESS","","AlleleType","","HLA-G","","","","","","","","","","germline","","","","","","","","","","","","","","","","","","14","HLA-G*01:01:01:05;HLA-G*01:04:01:01","","","","11.52","Low","Not Detected","800.9","5","","","01/01/2021","","Urothelial carcinoma","Not Applicable","EE17B7 36BEF9"
"SQA-EAPSIRIUS","eapcusttube05-211","A0535685","B00151175","eappatient0122","timepoint1","1","SUCCESS","","AlleleType","","KIR2DL1","","","","","","","","","","germline","","","","","","","","","","","","","","","","","","14","KIR2DL1*00302","","","","11.52","Low","Not Detected","800.9","5","","","01/01/2021","","Urothelial carcinoma","Not Applicable","EE17B7 36BEF9"
"SQA-EAPSIRIUS","eapcusttube05-211","A0535685","B00151175","eappatient0122","timepoint1","1","SUCCESS","","AlleleType","","KIR2DL2","","","","","","","","","","germline","","","","","","","","","","","","","","","","","","14","","","","","11.52","Low","Not Detected","800.9","5","","","01/01/2021","","Urothelial carcinoma","Not Applicable","EE17B7 36BEF9"
"SQA-EAPSIRIUS","eapcusttube05-211","A0535685","B00151175","eappatient0122","timepoint1","1","SUCCESS","","AlleleType","","KIR2DL3","","","","","","","","","","germline","","","","","","","","","","","","","","","","","","14","KIR2DL3*00101;KIR2DL3*0020101","","","","11.52","Low","Not Detected","800.9","5","","","01/01/2021","","Urothelial carcinoma","Not Applicable","EE17B7 36BEF9"
"SQA-EAPSIRIUS","eapcusttube05-211","A0535685","B00151175","eappatient0122","timepoint1","1","SUCCESS","","AlleleType","","KIR2DL4","","","","","","","","","","germline","","","","","","","","","","","","","","","","","","14","KIR2DL4*00102;KIR2DL4*01101","","","","11.52","Low","Not Detected","800.9","5","","","01/01/2021","","Urothelial carcinoma","Not Applicable","EE17B7 36BEF9"
"SQA-EAPSIRIUS","eapcusttube05-211","A0535685","B00151175","eappatient0122","timepoint1","1","SUCCESS","","AlleleType","","KIR2DL5A","","","","","","","","","","germline","","","","","","","","","","","","","","","","","","14","","","","","11.52","Low","Not Detected","800.9","5","","","01/01/2021","","Urothelial carcinoma","Not Applicable","EE17B7 36BEF9"
"SQA-EAPSIRIUS","eapcusttube05-211","A0535685","B00151175","eappatient0122","timepoint1","1","SUCCESS","","AlleleType","","KIR2DL5B","","","","","","","","","","germline","","","","","","","","","","","","","","","","","","14","","","","","11.52","Low","Not Detected","800.9","5","","","01/01/2021","","Urothelial carcinoma","Not Applicable","EE17B7 36BEF9"
"SQA-EAPSIRIUS","eapcusttube05-211","A0535685","B00151175","eappatient0122","timepoint1","1","SUCCESS","","AlleleType","","KIR2DP1","","","","","","","","","","germline","","","","","","","","","","","","","","","","","","14","KIR2DP1*00201;KIR2DP1*0020106","","","","11.52","Low","Not Detected","800.9","5","","","01/01/2021","","Urothelial carcinoma","Not Applicable","EE17B7 36BEF9"
"SQA-EAPSIRIUS","eapcusttube05-211","A0535685","B00151175","eappatient0122","timepoint1","1","SUCCESS","","AlleleType","","KIR2DS1","","","","","","","","","","germline","","","","","","","","","","","","","","","","","","14","","","","","11.52","Low","Not Detected","800.9","5","","","01/01/2021","","Urothelial carcinoma","Not Applicable","EE17B7 36BEF9"
"SQA-EAPSIRIUS","eapcusttube05-211","A0535685","B00151175","eappatient0122","timepoint1","1","SUCCESS","","AlleleType","","KIR2DS2","","","","","","","","","","germline","","","","","","","","","","","","","","","","","","14","","","","","11.52","Low","Not Detected","800.9","5","","","01/01/2021","","Urothelial carcinoma","Not Applicable","EE17B7 36BEF9"
"SQA-EAPSIRIUS","eapcusttube05-211","A0535685","B00151175","eappatient0122","timepoint1","1","SUCCESS","","AlleleType","","KIR2DS3","","","","","","","","","","germline","","","","","","","","","","","","","","","","","","14","","","","","11.52","Low","Not Detected","800.9","5","","","01/01/2021","","Urothelial carcinoma","Not Applicable","EE17B7 36BEF9"
"SQA-EAPSIRIUS","eapcusttube05-211","A0535685","B00151175","eappatient0122","timepoint1","1","SUCCESS","","AlleleType","","KIR2DS4","","","","","","","","","","germline","","","","","","","","","","","","","","","","","","14","KIR2DS4*0010102;KIR2DS4*010","","","","11.52","Low","Not Detected","800.9","5","","","01/01/2021","","Urothelial carcinoma","Not Applicable","EE17B7 36BEF9"
"SQA-EAPSIRIUS","eapcusttube05-211","A0535685","B00151175","eappatient0122","timepoint1","1","SUCCESS","","AlleleType","","KIR2DS5","","","","","","","","","","germline","","","","","","","","","","","","","","","","","","14","","","","","11.52","Low","Not Detected","800.9","5","","","01/01/2021","","Urothelial carcinoma","Not Applicable","EE17B7 36BEF9"
"SQA-EAPSIRIUS","eapcusttube05-211","A0535685","B00151175","eappatient0122","timepoint1","1","SUCCESS","","AlleleType","","KIR3DL1","","","","","","","","","","germline","","","","","","","","","","","","","","","","","","14","KIR3DL1*0050101;KIR3DL1*0150203","","","","11.52","Low","Not Detected","800.9","5","","","01/01/2021","","Urothelial carcinoma","Not Applicable","EE17B7 36BEF9"
"SQA-EAPSIRIUS","eapcusttube05-211","A0535685","B00151175","eappatient0122","timepoint1","1","SUCCESS","","AlleleType","","KIR3DL2","","","","","","","","","","germline","","","","","","","","","","","","","","","","","","14","KIR3DL2*00201;KIR3DL2*01001","","","","11.52","Low","Not Detected","800.9","5","","","01/01/2021","","Urothelial carcinoma","Not Applicable","EE17B7 36BEF9"
"SQA-EAPSIRIUS","eapcusttube05-211","A0535685","B00151175","eappatient0122","timepoint1","1","SUCCESS","","AlleleType","","KIR3DL3","","","","","","","","","","germline","","","","","","","","","","","","","","","","","","14","KIR3DL3*00802;KIR3DL3*065","","","","11.52","Low","Not Detected","800.9","5","","","01/01/2021","","Urothelial carcinoma","Not Applicable","EE17B7 36BEF9"
"SQA-EAPSIRIUS","eapcusttube05-211","A0535685","B00151175","eappatient0122","timepoint1","1","SUCCESS","","AlleleType","","KIR3DP1","","","","","","","","","","germline","","","","","","","","","","","","","","","","","","14","KIR3DP1*00302","","","","11.52","Low","Not Detected","800.9","5","","","01/01/2021","","Urothelial carcinoma","Not Applicable","EE17B7 36BEF9"
"SQA-EAPSIRIUS","eapcusttube05-211","A0535685","B00151175","eappatient0122","timepoint1","1","SUCCESS","","AlleleType","","KIR3DS1","","","","","","","","","","germline","","","","","","","","","","","","","","","","","","14","","","","","11.52","Low","Not Detected","800.9","5","","","01/01/2021","","Urothelial carcinoma","Not Applicable","EE17B7 36BEF9"
"SQA-EAPSIRIUS","eapcusttube05-211","A0535685","B00151175","eappatient0122","timepoint1","1","SUCCESS","","CNV","","ATM","11","","","","","","","","","","","","","","","","","","","loh","","","","","","","","14","","","","","11.52","Low","Not Detected","800.9","5","","","01/01/2021","","Urothelial carcinoma","Not Applicable","EE17B7 36BEF9"
"SQA-EAPSIRIUS","eapcusttube05-211","A0535685","B00151175","eappatient0122","timepoint1","1","SUCCESS","","CNV","","BRAF","7","","","","","","","","","","","","","","","","","","","loh","","","","","","","","14","","","","","11.52","Low","Not Detected","800.9","5","","","01/01/2021","","Urothelial carcinoma","Not Applicable","EE17B7 36BEF9"
"SQA-EAPSIRIUS","eapcusttube05-211","A0535685","B00151175","eappatient0122","timepoint1","1","SUCCESS","","CNV","","DAXX","6","","","","","","","","","","","","","","","","","","","loh","","","","","","","","14","","","","","11.52","Low","Not Detected","800.9","5","","","01/01/2021","","Urothelial carcinoma","Not Applicable","EE17B7 36BEF9"
"SQA-EAPSIRIUS","eapcusttube05-211","A0535685","B00151175","eappatient0122","timepoint1","1","SUCCESS","","CNV","","HLA","6","","","","","","","","","","","","","","","","","","","loh","","","","","","","","14","","","","","11.52","Low","Not Detected","800.9","5","","","01/01/2021","","Urothelial carcinoma","Not Applicable","EE17B7 36BEF9"
"SQA-EAPSIRIUS","eapcusttube05-211","A0535685","B00151175","eappatient0122","timepoint1","1","SUCCESS","","CNV","","IFNGR1","6","","","","","","","","","","","","","","","","","","","loh","","","","","","","","14","","","","","11.52","Low","Not Detected","800.9","5","","","01/01/2021","","Urothelial carcinoma","Not Applicable","EE17B7 36BEF9"
"SQA-EAPSIRIUS","eapcusttube05-211","A0535685","B00151175","eappatient0122","timepoint1","1","SUCCESS","","CNV","","IFNGR2","21","","","","","","","","","","","","","","","","","","","loh","","","","","","","","14","","","","","11.52","Low","Not Detected","800.9","5","","","01/01/2021","","Urothelial carcinoma","Not Applicable","EE17B7 36BEF9"
"SQA-EAPSIRIUS","eapcusttube05-211","A0535685","B00151175","eappatient0122","timepoint1","1","SUCCESS","","CNV","","MET","7","","","","","","","","","","","","","","","","","","","loh","","","","","","","","14","","","","","11.52","Low","Not Detected","800.9","5","","","01/01/2021","","Urothelial carcinoma","Not Applicable","EE17B7 36BEF9"
"SQA-EAPSIRIUS","eapcusttube05-211","A0535685","B00151175","eappatient0122","timepoint1","1","SUCCESS","","CNV","","RAD51B","14","","","","","","","","","","","","","","","","","","","loh","","","","","","","","14","","","","","11.52","Low","Not Detected","800.9","5","","","01/01/2021","","Urothelial carcinoma","Not Applicable","EE17B7 36BEF9"
"SQA-EAPSIRIUS","eapcusttube05-211","A0535685","B00151175","eappatient0122","timepoint1","1","SUCCESS","","CNV","","SMAD2","18","","","","","","","","","","","","","","","","","","","loh","","","","","","","","14","","","","","11.52","Low","Not Detected","800.9","5","","","01/01/2021","","Urothelial carcinoma","Not Applicable","EE17B7 36BEF9"
"SQA-EAPSIRIUS","eapcusttube05-211","A0535685","B00151175","eappatient0122","timepoint1","1","SUCCESS","","CNV","","SMAD4","18","","","","","","","","","","","","","","","","","","","loh","","","","","","","","14","","","","","11.52","Low","Not Detected","800.9","5","","","01/01/2021","","Urothelial carcinoma","Not Applicable","EE17B7 36BEF9"
"SQA-EAPSIRIUS","eapcusttube05-211","A0535685","B00151175","eappatient0122","timepoint1","1","SUCCESS","","Indel","Deletion","AIP","11","67257856","=""5""","p.Gln239fs","CA>C","c.716delA","NM_003977.4","0.82","","somatic","frameshift","","","","","","","","","","","","","","","","1629","14","","","","","11.52","Low","Not Detected","800.9","5","","","01/01/2021","","Urothelial carcinoma","Not Applicable","EE17B7 36BEF9"
"SQA-EAPSIRIUS","eapcusttube05-211","A0535685","B00151175","eappatient0122","timepoint1","1","SUCCESS","","Indel","Deletion","CALR","19","13054625","=""9""","p.Lys385del","CAAG>C","c.1153_1155delAAG","NM_004343.4","42.48","","germline","inframe_deletion","","","","","","","","","","","rs759965223","","","","","1673","14","","","","","11.52","Low","Not Detected","800.9","5","","","01/01/2021","","Urothelial carcinoma","Not Applicable","EE17B7 36BEF9"
"SQA-EAPSIRIUS","eapcusttube05-211","A0535685","B00151175","eappatient0122","timepoint1","1","SUCCESS","","Indel","Deletion","GATA3","10","8115819","=""6""","p.Ser391fs","AGCTCGTTTAACCCGGCC>A","c.1171_1187delTCGTTTAACCCGGCCGC","NM_001002295.2","8.44","","somatic","frameshift","","","","","","","","","","","","","","","","1572","14","","","","","11.52","Low","Not Detected","800.9","5","","","01/01/2021","","Urothelial carcinoma","Not Applicable","EE17B7 36BEF9"
"SQA-EAPSIRIUS","eapcusttube05-211","A0535685","B00151175","eappatient0122","timepoint1","1","SUCCESS","","Indel","Deletion","SMAD4","18","48575212","=""3""","p.Val137fs","GT>G","c.408delT","NM_005359.6","0.15","","somatic","frameshift","","","","","","","","","","","","","","deleterious","","1638","14","","","","","11.52","Low","Not Detected","800.9","5","","","01/01/2021","","Urothelial carcinoma","Not Applicable","EE17B7 36BEF9"
"SQA-EAPSIRIUS","eapcusttube05-211","A0535685","B00151175","eappatient0122","timepoint1","1","SUCCESS","","Indel","Deletion","SMAD4","18","48604774","=""12""","p.Leu533fs","CC>G","c.1596_1597delCCinsG","NM_005359.6","0.10","","somatic","frameshift","","","","","","","","","","","","","","deleterious","","2054","14","","","","","11.52","Low","Not Detected","800.9","5","","","01/01/2021","","Urothelial carcinoma","Not Applicable","EE17B7 36BEF9"
"SQA-EAPSIRIUS","eapcusttube05-211","A0535685","B00151175","eappatient0122","timepoint1","1","SUCCESS","","Indel","Deletion","TET2","4","106164897","=""6""","p.Gly1256fs","CG>C","c.3767delG","NM_001127208.3","0.15","","somatic_putative_ch","frameshift","","","","","","","","","","","","","","","","1808","14","","","","","11.52","Low","Not Detected","800.9","5","","","01/01/2021","","Urothelial carcinoma","Not Applicable","EE17B7 36BEF9"
"SQA-EAPSIRIUS","eapcusttube05-211","A0535685","B00151175","eappatient0122","timepoint1","1","SUCCESS","","Indel","Insertion","BRCA2","13","32913836","=""11""","p.Asn1784fs","C>CA","c.5351dupA","NM_000059.4","0.60","","somatic","frameshift","","","","","","","","","","COSV66452194","rs80359508","Pathogenic","46516","deleterious","","1654","14","","","","","11.52","Low","Not Detected","800.9","5","","","01/01/2021","","Urothelial carcinoma","Not Applicable","EE17B7 36BEF9"
"SQA-EAPSIRIUS","eapcusttube05-211","A0535685","B00151175","eappatient0122","timepoint1","1","SUCCESS","","PromoterMethylation","","ADORA2B","","","","","","","","","","","","","","","","","","","","","","","","","","","","14","","","","","11.52","Low","Not Detected","800.9","5","","","01/01/2021","","Urothelial carcinoma","Not Applicable","EE17B7 36BEF9"
"SQA-EAPSIRIUS","eapcusttube05-211","A0535685","B00151175","eappatient0122","timepoint1","1","SUCCESS","","PromoterMethylation","","CD40","","","","","","","","","","","","","","","","","","","","","","","","","","","","14","","","","","11.52","Low","Not Detected","800.9","5","","","01/01/2021","","Urothelial carcinoma","Not Applicable","EE17B7 36BEF9"
"SQA-EAPSIRIUS","eapcusttube05-211","A0535685","B00151175","eappatient0122","timepoint1","1","SUCCESS","","PromoterMethylation","","CD8A","","","","","","","","","","","","","","","","","","","","","","","","","","","","14","","","","","11.52","Low","Not Detected","800.9","5","","","01/01/2021","","Urothelial carcinoma","Not Applicable","EE17B7 36BEF9"
"SQA-EAPSIRIUS","eapcusttube05-211","A0535685","B00151175","eappatient0122","timepoint1","1","SUCCESS","","PromoterMethylation","","CDH3","","","","","","","","","","","","","","","","","","","","","","","","","","","","14","","","","","11.52","Low","Not Detected","800.9","5","","","01/01/2021","","Urothelial carcinoma","Not Applicable","EE17B7 36BEF9"
"SQA-EAPSIRIUS","eapcusttube05-211","A0535685","B00151175","eappatient0122","timepoint1","1","SUCCESS","","PromoterMethylation","","CLEC14A","","","","","","","","","","","","","","","","","","","","","","","","","","","","14","","","","","11.52","Low","Not Detected","800.9","5","","","01/01/2021","","Urothelial carcinoma","Not Applicable","EE17B7 36BEF9"
"SQA-EAPSIRIUS","eapcusttube05-211","A0535685","B00151175","eappatient0122","timepoint1","1","SUCCESS","","PromoterMethylation","","DCT","","","","","","","","","","","","","","","","","","","","","","","","","","","","14","","","","","11.52","Low","Not Detected","800.9","5","","","01/01/2021","","Urothelial carcinoma","Not Applicable","EE17B7 36BEF9"
"SQA-EAPSIRIUS","eapcusttube05-211","A0535685","B00151175","eappatient0122","timepoint1","1","SUCCESS","","PromoterMethylation","","DKK1","","","","","","","","","","","","","","","","","","","","","","","","","","","","14","","","","","11.52","Low","Not Detected","800.9","5","","","01/01/2021","","Urothelial carcinoma","Not Applicable","EE17B7 36BEF9"
"SQA-EAPSIRIUS","eapcusttube05-211","A0535685","B00151175","eappatient0122","timepoint1","1","SUCCESS","","PromoterMethylation","","DLK1","","","","","","","","","","","","","","","","","","","","","","","","","","","","14","","","","","11.52","Low","Not Detected","800.9","5","","","01/01/2021","","Urothelial carcinoma","Not Applicable","EE17B7 36BEF9"
"SQA-EAPSIRIUS","eapcusttube05-211","A0535685","B00151175","eappatient0122","timepoint1","1","SUCCESS","","PromoterMethylation","","DPP4","","","","","","","","","","","","","","","","","","","","","","","","","","","","14","","","","","11.52","Low","Not Detected","800.9","5","","","01/01/2021","","Urothelial carcinoma","Not Applicable","EE17B7 36BEF9"
"SQA-EAPSIRIUS","eapcusttube05-211","A0535685","B00151175","eappatient0122","timepoint1","1","SUCCESS","","PromoterMethylation","","EPSTI1","","","","","","","","","","","","","","","","","","","","","","","","","","","","14","","","","","11.52","Low","Not Detected","800.9","5","","","01/01/2021","","Urothelial carcinoma","Not Applicable","EE17B7 36BEF9"
"SQA-EAPSIRIUS","eapcusttube05-211","A0535685","B00151175","eappatient0122","timepoint1","1","SUCCESS","","PromoterMethylation","","FGF2","","","","","","","","","","","","","","","","","","","","","","","","","","","","14","","","","","11.52","Low","Not Detected","800.9","5","","","01/01/2021","","Urothelial carcinoma","Not Applicable","EE17B7 36BEF9"
"SQA-EAPSIRIUS","eapcusttube05-211","A0535685","B00151175","eappatient0122","timepoint1","1","SUCCESS","","PromoterMethylation","","FGF5","","","","","","","","","","","","","","","","","","","","","","","","","","","","14","","","","","11.52","Low","Not Detected","800.9","5","","","01/01/2021","","Urothelial carcinoma","Not Applicable","EE17B7 36BEF9"
"SQA-EAPSIRIUS","eapcusttube05-211","A0535685","B00151175","eappatient0122","timepoint1","1","SUCCESS","","PromoterMethylation","","GDNF","","","","","","","","","","","","","","","","","","","","","","","","","","","","14","","","","","11.52","Low","Not Detected","800.9","5","","","01/01/2021","","Urothelial carcinoma","Not Applicable","EE17B7 36BEF9"
"SQA-EAPSIRIUS","eapcusttube05-211","A0535685","B00151175","eappatient0122","timepoint1","1","SUCCESS","","PromoterMethylation","","IFNL2","","","","","","","","","","","","","","","","","","","","","","","","","","","","14","","","","","11.52","Low","Not Detected","800.9","5","","","01/01/2021","","Urothelial carcinoma","Not Applicable","EE17B7 36BEF9"
"SQA-EAPSIRIUS","eapcusttube05-211","A0535685","B00151175","eappatient0122","timepoint1","1","SUCCESS","","PromoterMethylation","","IL18R1","","","","","","","","","","","","","","","","","","","","","","","","","","","","14","","","","","11.52","Low","Not Detected","800.9","5","","","01/01/2021","","Urothelial carcinoma","Not Applicable","EE17B7 36BEF9"
"SQA-EAPSIRIUS","eapcusttube05-211","A0535685","B00151175","eappatient0122","timepoint1","1","SUCCESS","","PromoterMethylation","","ITGA4","","","","","","","","","","","","","","","","","","","","","","","","","","","","14","","","","","11.52","Low","Not Detected","800.9","5","","","01/01/2021","","Urothelial carcinoma","Not Applicable","EE17B7 36BEF9"
"SQA-EAPSIRIUS","eapcusttube05-211","A0535685","B00151175","eappatient0122","timepoint1","1","SUCCESS","","PromoterMethylation","","MICB","","","","","","","","","","","","","","","","","","","","","","","","","","","","14","","","","","11.52","Low","Not Detected","800.9","5","","","01/01/2021","","Urothelial carcinoma","Not Applicable","EE17B7 36BEF9"
"SQA-EAPSIRIUS","eapcusttube05-211","A0535685","B00151175","eappatient0122","timepoint1","1","SUCCESS","","PromoterMethylation","","MMP2","","","","","","","","","","","","","","","","","","","","","","","","","","","","14","","","","","11.52","Low","Not Detected","800.9","5","","","01/01/2021","","Urothelial carcinoma","Not Applicable","EE17B7 36BEF9"
"SQA-EAPSIRIUS","eapcusttube05-211","A0535685","B00151175","eappatient0122","timepoint1","1","SUCCESS","","PromoterMethylation","","NRG1","","","","","","","","","","","","","","","","","","","","","","","","","","","","14","","","","","11.52","Low","Not Detected","800.9","5","","","01/01/2021","","Urothelial carcinoma","Not Applicable","EE17B7 36BEF9"
"SQA-EAPSIRIUS","eapcusttube05-211","A0535685","B00151175","eappatient0122","timepoint1","1","SUCCESS","","PromoterMethylation","","NT5E","","","","","","","","","","","","","","","","","","","","","","","","","","","","14","","","","","11.52","Low","Not Detected","800.9","5","","","01/01/2021","","Urothelial carcinoma","Not Applicable","EE17B7 36BEF9"
"SQA-EAPSIRIUS","eapcusttube05-211","A0535685","B00151175","eappatient0122","timepoint1","1","SUCCESS","","PromoterMethylation","","PROM1","","","","","","","","","","","","","","","","","","","","","","","","","","","","14","","","","","11.52","Low","Not Detected","800.9","5","","","01/01/2021","","Urothelial carcinoma","Not Applicable","EE17B7 36BEF9"
"SQA-EAPSIRIUS","eapcusttube05-211","A0535685","B00151175","eappatient0122","timepoint1","1","SUCCESS","","PromoterMethylation","","PTGS2","","","","","","","","","","","","","","","","","","","","","","","","","","","","14","","","","","11.52","Low","Not Detected","800.9","5","","","01/01/2021","","Urothelial carcinoma","Not Applicable","EE17B7 36BEF9"
"SQA-EAPSIRIUS","eapcusttube05-211","A0535685","B00151175","eappatient0122","timepoint1","1","SUCCESS","","PromoterMethylation","","SIM2","","","","","","","","","","","","","","","","","","","","","","","","","","","","14","","","","","11.52","Low","Not Detected","800.9","5","","","01/01/2021","","Urothelial carcinoma","Not Applicable","EE17B7 36BEF9"
"SQA-EAPSIRIUS","eapcusttube05-211","A0535685","B00151175","eappatient0122","timepoint1","1","SUCCESS","","PromoterMethylation","","TERT","","","","","","","","","","","","","","","","","","","","","","","","","","","","14","","","","","11.52","Low","Not Detected","800.9","5","","","01/01/2021","","Urothelial carcinoma","Not Applicable","EE17B7 36BEF9"
"SQA-EAPSIRIUS","eapcusttube05-211","A0535685","B00151175","eappatient0122","timepoint1","1","SUCCESS","","PromoterMethylation","","TNFRSF8","","","","","","","","","","","","","","","","","","","","","","","","","","","","14","","","","","11.52","Low","Not Detected","800.9","5","","","01/01/2021","","Urothelial carcinoma","Not Applicable","EE17B7 36BEF9"
"SQA-EAPSIRIUS","eapcusttube05-211","A0535685","B00151175","eappatient0122","timepoint1","1","SUCCESS","","PromoterMethylation","","WT1","","","","","","","","","","","","","","","","","","","","","","","","","","","","14","","","","","11.52","Low","Not Detected","800.9","5","","","01/01/2021","","Urothelial carcinoma","Not Applicable","EE17B7 36BEF9"
"SQA-EAPSIRIUS","eapcusttube05-211","A0535685","B00151175","eappatient0122","timepoint1","1","SUCCESS","","SNV","","ARID1B","6","157528164","=""20""","","C>T","","","49.18","","germline","splice_event","","","","","","","","","","","rs781082506","","","","","2131","14","","","","","11.52","Low","Not Detected","800.9","5","","","01/01/2021","","Urothelial carcinoma","Not Applicable","EE17B7 36BEF9"
"SQA-EAPSIRIUS","eapcusttube05-211","A0535685","B00151175","eappatient0122","timepoint1","1","SUCCESS","","SNV","","CHEK2","22","29095900","=""9""","K312E","T>C","c.934A>G","NM_007194.4","0.16","","somatic","missense","","","","","","","","","","","rs1064795532","Uncertain_significance","410950","","","2133","14","","","","","11.52","Low","Not Detected","800.9","5","","","01/01/2021","","Urothelial carcinoma","Not Applicable","EE17B7 36BEF9"
"SQA-EAPSIRIUS","eapcusttube05-211","A0535685","B00151175","eappatient0122","timepoint1","1","SUCCESS","","SNV","","CYP2D6","22","42525759","=""2""","G111G","A>G","c.333T>C","NM_000106.6","12.37","","somatic","synonymous","","","","","","","","","","","rs1135821","","","","","549","14","","","","","11.52","Low","Not Detected","800.9","5","","","01/01/2021","","Urothelial carcinoma","Not Applicable","EE17B7 36BEF9"
"SQA-EAPSIRIUS","eapcusttube05-211","A0535685","B00151175","eappatient0122","timepoint1","1","SUCCESS","","SNV","","CYP2D6","22","42525767","=""2""","I109V","T>C","c.325A>G","NM_000106.6","12.12","","somatic","missense","","","","","","","","","","","rs78459009","","","","","558","14","","","","","11.52","Low","Not Detected","800.9","5","","","01/01/2021","","Urothelial carcinoma","Not Applicable","EE17B7 36BEF9"
"SQA-EAPSIRIUS","eapcusttube05-211","A0535685","B00151175","eappatient0122","timepoint1","1","SUCCESS","","SNV","","CYP2D6","22","42525772","=""2""","T107Y","GT>TA","c.319_320delACinsTA","NM_000106.6","11.86","","somatic","missense","","","","","","","","","","","","","","","","561","14","","","","","11.52","Low","Not Detected","800.9","5","","","01/01/2021","","Urothelial carcinoma","Not Applicable","EE17B7 36BEF9"
"SQA-EAPSIRIUS","eapcusttube05-211","A0535685","B00151175","eappatient0122","timepoint1","1","SUCCESS","","SNV","","CYP2D6","22","42525781","=""2""","V104A","A>G","c.311T>C","NM_000106.6","11.36","","somatic","missense","","","","","","","","","","","rs76187628","","","","","566","14","","","","","11.52","Low","Not Detected","800.9","5","","","01/01/2021","","Urothelial carcinoma","Not Applicable","EE17B7 36BEF9"
"SQA-EAPSIRIUS","eapcusttube05-211","A0535685","B00151175","eappatient0122","timepoint1","1","SUCCESS","","SNV","","DNMT3A","2","25467083","=""15""","R598*","G>A","c.1792C>T","NM_022552.5","14.27","","somatic_putative_ch","nonsense","","","","","","","","","","COSV53039812","rs568207978","","","deleterious","","2084","14","","","","","11.52","Low","Not Detected","800.9","5","","","01/01/2021","","Urothelial carcinoma","Not Applicable","EE17B7 36BEF9"
"SQA-EAPSIRIUS","eapcusttube05-211","A0535685","B00151175","eappatient0122","timepoint1","1","SUCCESS","","SNV","","DNMT3A","2","25505422","=""4""","G112G","G>A","c.336C>T","NM_022552.5","9.26","","somatic_putative_ch","synonymous","","","","","","","","","","COSV53057163","rs779949977","","","","","2583","14","","","","","11.52","Low","Not Detected","800.9","5","","","01/01/2021","","Urothelial carcinoma","Not Applicable","EE17B7 36BEF9"
"SQA-EAPSIRIUS","eapcusttube05-211","A0535685","B00151175","eappatient0122","timepoint1","1","SUCCESS","","SNV","","EGFR","7","55270252","=""27""","Y1069D","T>G","c.3205T>G","NM_005228.5","0.13","","somatic","missense","","","","","","","","","","","","","","","","3273","14","","","","","11.52","Low","Not Detected","800.9","5","","","01/01/2021","","Urothelial carcinoma","Not Applicable","EE17B7 36BEF9"
"SQA-EAPSIRIUS","eapcusttube05-211","A0535685","B00151175","eappatient0122","timepoint1","1","SUCCESS","","SNV","","EMSY","11","76257196","=""20""","S1210Y","C>A","c.3629C>A","NM_020193.5","60.26","","germline","missense","","","","","","","","","","","","","","","","2236","14","","","","","11.52","Low","Not Detected","800.9","5","","","01/01/2021","","Urothelial carcinoma","Not Applicable","EE17B7 36BEF9"
"SQA-EAPSIRIUS","eapcusttube05-211","A0535685","B00151175","eappatient0122","timepoint1","1","SUCCESS","","SNV","","ERBB3","12","56494932","=""27""","S1097P","T>C","c.3289T>C","NM_001982.4","54.57","","germline","missense","","","","","","","","","","COSV57259843","rs77822103","Likely_benign","725196","","","1932","14","","","","","11.52","Low","Not Detected","800.9","5","","","01/01/2021","","Urothelial carcinoma","Not Applicable","EE17B7 36BEF9"
"SQA-EAPSIRIUS","eapcusttube05-211","A0535685","B00151175","eappatient0122","timepoint1","1","SUCCESS","","SNV","","ERCC8","5","60194136","=""9""","R270S","C>A","c.810G>T","NM_000082.4","41.10","","germline","missense","","","","","","","","","","","rs532604744","","","","","1916","14","","","","","11.52","Low","Not Detected","800.9","5","","","01/01/2021","","Urothelial carcinoma","Not Applicable","EE17B7 36BEF9"
"SQA-EAPSIRIUS","eapcusttube05-211","A0535685","B00151175","eappatient0122","timepoint1","1","SUCCESS","","SNV","","ESR1","6","152419923","=""10""","Y537S","A>C","c.1610A>C","NM_001122742.2","0.14","","somatic","missense","","","","","","","","","","COSV52783938","","","","","","2354","14","","","","","11.52","Low","Not Detected","800.9","5","","","01/01/2021","","Urothelial carcinoma","Not Applicable","EE17B7 36BEF9"
"SQA-EAPSIRIUS","eapcusttube05-211","A0535685","B00151175","eappatient0122","timepoint1","1","SUCCESS","","SNV","","EZH2","7","148508735","=""16""","I643I","G>T","c.1929C>A","NM_004456.5","1.08","","somatic_putative_ch","synonymous","","","","","","","","","","","","","","","","1674","14","","","","","11.52","Low","Not Detected","800.9","5","","","01/01/2021","","Urothelial carcinoma","Not Applicable","EE17B7 36BEF9"
"SQA-EAPSIRIUS","eapcusttube05-211","A0535685","B00151175","eappatient0122","timepoint1","1","SUCCESS","","SNV","","FCGR2A","1","161479827","=""4""","T194T","G>A","c.582G>A","NM_001136219.3","0.27","","somatic","synonymous","","","","","","","","","","COSV54837072","rs79273228","","","","","2757","14","","","","","11.52","Low","Not Detected","800.9","5","","","01/01/2021","","Urothelial carcinoma","Not Applicable","EE17B7 36BEF9"
"SQA-EAPSIRIUS","eapcusttube05-211","A0535685","B00151175","eappatient0122","timepoint1","1","SUCCESS","","SNV","","FGF5","4","81196158","=""2""","H151Y","C>T","c.451C>T","NM_004464.4","50.89","","germline","missense","","","","","","","","","","","rs139416055","","","","","1477","14","","","","","11.52","Low","Not Detected","800.9","5","","","01/01/2021","","Urothelial carcinoma","Not Applicable","EE17B7 36BEF9"
"SQA-EAPSIRIUS","eapcusttube05-211","A0535685","B00151175","eappatient0122","timepoint1","1","SUCCESS","","SNV","","FZD10","12","130648999","=""1""","F504F","C>T","c.1512C>T","NM_007197.4","3.39","","somatic","synonymous","","","","","","","","","","","","","","","","2299","14","","","","","11.52","Low","Not Detected","800.9","5","","","01/01/2021","","Urothelial carcinoma","Not Applicable","EE17B7 36BEF9"
"SQA-EAPSIRIUS","eapcusttube05-211","A0535685","B00151175","eappatient0122","timepoint1","1","SUCCESS","","SNV","","JAK3","19","17952231","=""8""","E370A","T>G","c.1109A>C","NM_000215.4","9.39","","somatic","missense","","","","","","","","","","","","","","","","1744","14","","","","","11.52","Low","Not Detected","800.9","5","","","01/01/2021","","Urothelial carcinoma","Not Applicable","EE17B7 36BEF9"
"SQA-EAPSIRIUS","eapcusttube05-211","A0535685","B00151175","eappatient0122","timepoint1","1","SUCCESS","","SNV","","JAK3","19","17952508","=""7""","V309I","C>T","c.925G>A","NM_000215.4","13.61","","somatic","missense","","","","","","","","","","","","","","","","1620","14","","","","","11.52","Low","Not Detected","800.9","5","","","01/01/2021","","Urothelial carcinoma","Not Applicable","EE17B7 36BEF9"
"SQA-EAPSIRIUS","eapcusttube05-211","A0535685","B00151175","eappatient0122","timepoint1","1","SUCCESS","","SNV","","LRP1B","2","141004667","=""87""","H4438Y","G>A","c.13312C>T","NM_018557.3","51.73","","germline","missense","","","","","","","","","","COSV104701814","rs1455032166","","","","","1881","14","","","","","11.52","Low","Not Detected","800.9","5","","","01/01/2021","","Urothelial carcinoma","Not Applicable","EE17B7 36BEF9"
"SQA-EAPSIRIUS","eapcusttube05-211","A0535685","B00151175","eappatient0122","timepoint1","1","SUCCESS","","SNV","","LZTR1","22","21351625","=""21""","G837G","C>T","c.2511C>T","NM_006767.4","37.46","","germline","synonymous","","","","","","","","","","","rs202072955","","","","","1668","14","","","","","11.52","Low","Not Detected","800.9","5","","","01/01/2021","","Urothelial carcinoma","Not Applicable","EE17B7 36BEF9"
"SQA-EAPSIRIUS","eapcusttube05-211","A0535685","B00151175","eappatient0122","timepoint1","1","SUCCESS","","SNV","","MAPKAP1","9","128268633","=""8""","L341S","A>G","c.1022T>C","NM_001006617.3","7.66","","somatic","missense","","","","","","","","","","","","","","","","2358","14","","","","","11.52","Low","Not Detected","800.9","5","","","01/01/2021","","Urothelial carcinoma","Not Applicable","EE17B7 36BEF9"
"SQA-EAPSIRIUS","eapcusttube05-211","A0535685","B00151175","eappatient0122","timepoint1","1","SUCCESS","","SNV","","MAX","14","65560496","=""3""","K34I","T>A","c.101A>T","NM_002382.5","0.21","","somatic","missense","","","","","","","","","","","","","","","","2180","14","","","","","11.52","Low","Not Detected","800.9","5","","","01/01/2021","","Urothelial carcinoma","Not Applicable","EE17B7 36BEF9"
"SQA-EAPSIRIUS","eapcusttube05-211","A0535685","B00151175","eappatient0122","timepoint1","1","SUCCESS","","SNV","","MDM4","1","204518437","=""11""","S367L","C>T","c.1100C>T","NM_002393.5","0.37","","somatic_putative_ch","missense","","","","","","","","","","COSV65795045","rs201947927","","","","","2798","14","","","","","11.52","Low","Not Detected","800.9","5","","","01/01/2021","","Urothelial carcinoma","Not Applicable","EE17B7 36BEF9"
"SQA-EAPSIRIUS","eapcusttube05-211","A0535685","B00151175","eappatient0122","timepoint1","1","SUCCESS","","SNV","","MUTYH","1","45799272","=""3""","C54Y","C>T","c.161G>A","NM_001128425.1","52.41","","germline","missense","","","","","","","","","","","rs560905645","Conflicting_interpretations_of_pathogenicity","221108","","","2623","14","","","","","11.52","Low","Not Detected","800.9","5","","","01/01/2021","","Urothelial carcinoma","Not Applicable","EE17B7 36BEF9"
"SQA-EAPSIRIUS","eapcusttube05-211","A0535685","B00151175","eappatient0122","timepoint1","1","SUCCESS","","SNV","","NTHL1","16","2089959","=""6""","N302S","T>C","c.905A>G","NM_002528.7","1.18","","somatic","missense","","","","","","","","","","","rs764956290","","","","","1455","14","","","","","11.52","Low","Not Detected","800.9","5","","","01/01/2021","","Urothelial carcinoma","Not Applicable","EE17B7 36BEF9"
"SQA-EAPSIRIUS","eapcusttube05-211","A0535685","B00151175","eappatient0122","timepoint1","1","SUCCESS","","SNV","","PIK3CA","3","178936091","=""10""","E545K","G>A","c.1633G>A","NM_006218.4","0.11","","somatic","missense","","","","","","","","","","COSV55873239","rs104886003","Pathogenic/Likely_pathogenic","28694","","","2135","14","","","","","11.52","Low","Not Detected","800.9","5","","","01/01/2021","","Urothelial carcinoma","Not Applicable","EE17B7 36BEF9"
"SQA-EAPSIRIUS","eapcusttube05-211","A0535685","B00151175","eappatient0122","timepoint1","1","SUCCESS","","SNV","","PPARG","3","12458415","=""6""","T344T","T>C","c.1032T>C","NM_015869.5","18.21","","somatic","synonymous","","","","","","","","","","","","","","","","2102","14","","","","","11.52","Low","Not Detected","800.9","5","","","01/01/2021","","Urothelial carcinoma","Not Applicable","EE17B7 36BEF9"
"SQA-EAPSIRIUS","eapcusttube05-211","A0535685","B00151175","eappatient0122","timepoint1","1","SUCCESS","","SNV","","PPM1D","17","58740809","=""6""","R572*","C>T","c.1714C>T","NM_003620.4","0.34","","somatic_putative_ch","nonsense","","","","","","","","","","COSV59954582","rs765769406","Conflicting_interpretations_of_pathogenicity","536505","","","2626","14","","","","","11.52","Low","Not Detected","800.9","5","","","01/01/2021","","Urothelial carcinoma","Not Applicable","EE17B7 36BEF9"
"SQA-EAPSIRIUS","eapcusttube05-211","A0535685","B00151175","eappatient0122","timepoint1","1","SUCCESS","","SNV","","PREX2","8","69069576","=""35""","G1417G","A>C","c.4251A>C","NM_024870.4","0.61","","somatic","synonymous","","","","","","","","","","","","","","","","2066","14","","","","","11.52","Low","Not Detected","800.9","5","","","01/01/2021","","Urothelial carcinoma","Not Applicable","EE17B7 36BEF9"
"SQA-EAPSIRIUS","eapcusttube05-211","A0535685","B00151175","eappatient0122","timepoint1","1","SUCCESS","","SNV","","REV3L","6","111710404","=""8""","G256D","C>T","c.767G>A","NM_002912.5","47.45","","germline","missense","","","","","","","","","","","rs1393750546","","","","","1751","14","","","","","11.52","Low","Not Detected","800.9","5","","","01/01/2021","","Urothelial carcinoma","Not Applicable","EE17B7 36BEF9"
"SQA-EAPSIRIUS","eapcusttube05-211","A0535685","B00151175","eappatient0122","timepoint1","1","SUCCESS","","SNV","","SMAD4","18","48584607","=""6""","Y260*","C>G","c.780C>G","NM_005359.6","1.71","","somatic","nonsense","","","","","","","","","","","","","","deleterious","","2012","14","","","","","11.52","Low","Not Detected","800.9","5","","","01/01/2021","","Urothelial carcinoma","Not Applicable","EE17B7 36BEF9"
"SQA-EAPSIRIUS","eapcusttube05-211","A0535685","B00151175","eappatient0122","timepoint1","1","SUCCESS","","SNV","","SMAD4","18","48591918","=""9""","R361C","C>T","c.1081C>T","NM_005359.6","0.35","","somatic","missense","","","","","","","","","","COSV61683972","rs80338963","Pathogenic","23582","deleterious","","1942","14","","","","","11.52","Low","Not Detected","800.9","5","","","01/01/2021","","Urothelial carcinoma","Not Applicable","EE17B7 36BEF9"
"SQA-EAPSIRIUS","eapcusttube05-211","A0535685","B00151175","eappatient0122","timepoint1","1","SUCCESS","","SNV","","SMARCA2","9","2123746","=""27""","D1264N","G>A","c.3790G>A","NM_001289396.1","8.36","","somatic","missense","","","","","","","","","","","","","","","","1975","14","","","","","11.52","Low","Not Detected","800.9","5","","","01/01/2021","","Urothelial carcinoma","Not Applicable","EE17B7 36BEF9"
"SQA-EAPSIRIUS","eapcusttube05-211","A0535685","B00151175","eappatient0122","timepoint1","1","SUCCESS","","SNV","","STK11","19","1226518","=""9""","M392V","A>G","c.1174A>G","NM_000455.5","41.08","","germline","missense","","","","","","","","","","","rs565993396","Uncertain_significance","213446","","","1390","14","","","","","11.52","Low","Not Detected","800.9","5","","","01/01/2021","","Urothelial carcinoma","Not Applicable","EE17B7 36BEF9"
"SQA-EAPSIRIUS","eapcusttube05-211","A0535685","B00151175","eappatient0122","timepoint1","1","SUCCESS","","SNV","","TET2","4","106164029","=""5""","V1180D","T>A","c.3539T>A","NM_001127208.3","6.25","","somatic_putative_ch","missense","","","","","","","","","","COSV104371873","rs1239569919","","","","","2045","14","","","","","11.52","Low","Not Detected","800.9","5","","","01/01/2021","","Urothelial carcinoma","Not Applicable","EE17B7 36BEF9"
"SQA-EAPSIRIUS","eapcusttube05-211","A0535685","B00151175","eappatient0122","timepoint1","1","SUCCESS","","SNV","","TP53","17","7577538","=""7""","R248Q","C>T","c.743G>A","NM_000546.6","2.98","","somatic","missense","","","","","","","","","","COSV52661580","rs11540652","Pathogenic","27395","deleterious","","2172","14","","","","","11.52","Low","Not Detected","800.9","5","","","01/01/2021","","Urothelial carcinoma","Not Applicable","EE17B7 36BEF9"
"SQA-EAPSIRIUS","eapcusttube05-211","A0535685","B00151175","eappatient0122","timepoint1","1","SUCCESS","","SNV","","TP53","17","7578536","=""5""","K132E","T>C","c.394A>G","NM_000546.6","1.17","","somatic","missense","","","","","","","","","","COSV52689323","rs747342068","Conflicting_interpretations_of_pathogenicity","363505","","","1894","14","","","","","11.52","Low","Not Detected","800.9","5","","","01/01/2021","","Urothelial carcinoma","Not Applicable","EE17B7 36BEF9"
"SQA-EAPSIRIUS","eapcusttube05-211","A0535685","B00151175","eappatient0122","timepoint1","1","SUCCESS","","SNV","","TRAF2","9","139814766","=""8""","E253E","G>A","c.759G>A","NM_021138.4","55.00","","germline","synonymous","","","","","","","","","","","","","","","","2203","14","","","","","11.52","Low","Not Detected","800.9","5","","","01/01/2021","","Urothelial carcinoma","Not Applicable","EE17B7 36BEF9"
"SQA-EAPSIRIUS","eapcusttube05-211","A0535685","B00151175","eappatient0122","timepoint1","1","SUCCESS","","SNV","","TRAF7","16","2221288","=""6""","Q124H","G>T","c.372G>T","NM_032271.3","0.44","","somatic","missense","","","","","","","","","","","","","","","","2381","14","","","","","11.52","Low","Not Detected","800.9","5","","","01/01/2021","","Urothelial carcinoma","Not Applicable","EE17B7 36BEF9"
"SQA-EAPSIRIUS","eapcusttube05-211","A0535685","B00151175","eappatient0122","timepoint1","1","SUCCESS","","SNV","","TSC2","16","2127693","=""26""","R978C","C>T","c.2932C>T","NM_000548.5","51.80","","germline","missense","","","","","","","","","","COSV54760694","rs768241596","Conflicting_interpretations_of_pathogenicity","409488","","","2262","14","","","","","11.52","Low","Not Detected","800.9","5","","","01/01/2021","","Urothelial carcinoma","Not Applicable","EE17B7 36BEF9"
"SQA-EAPSIRIUS","eapcusttube05-211","A0535685","B00151175","eappatient0122","timepoint1","1","SUCCESS","","SNV","","WRN","8","30989907","=""24""","D951G","A>G","c.2852A>G","NM_000553.6","54.49","","germline","missense","","","","","","","","","","","","","","","","1894","14","","","","","11.52","Low","Not Detected","800.9","5","","","01/01/2021","","Urothelial carcinoma","Not Applicable","EE17B7 36BEF9"
"SQA-EAPSIRIUS","eapcusttube05-211","A0535685","B00151175","eappatient0122","timepoint1","1","SUCCESS","","SNV","","XPA","9","100437844","=""6""","S233S","G>A","c.699C>T","NM_000380.4","52.07","","germline","synonymous","","","","","","","","","","COSV64305017","rs751657405","","","","","1908","14","","","","","11.52","Low","Not Detected","800.9","5","","","01/01/2021","","Urothelial carcinoma","Not Applicable","EE17B7 36BEF9"
